indicador,valor,fecha_valor,fecha_consulta
dolar,"933,40",2026-09-01,2026-09-01
uf,"40.875,09",2026-09-01,2026-09-01
dolar,"936,86",2026-09-02,2026-09-02
uf,"40.876,41",2026-09-02,2026-09-02
dolar,"936,32",2026-09-03,2026-09-03
uf,"40.877,73",2026-09-03,2026-09-03
dolar,"933,47",2026-09-04,2026-09-04
uf,"40.879,04",2026-09-04,2026-09-04
dolar,"934,35",2026-09-07,2026-09-07
uf,40.883,2026-09-07,2026-09-07
dolar,"933,82",2026-09-08,2026-09-08
uf,"40.884,32",2026-09-08,2026-09-08
dolar,"926,94",2026-09-09,2026-09-09
uf,"40.885,63",2026-09-09,2026-09-09
dolar,"925,97",2026-09-10,2026-09-10
uf,"40.893,78",2026-09-10,2026-09-10
dolar,"937,17",2026-09-11,2026-09-11
uf,"40.901,94",2026-09-11,2026-09-11
dolar,"940,91",2026-09-14,2026-09-14
uf,"40.926,41",2026-09-14,2026-09-14
dolar,"957,53",2026-09-15,2026-09-15
uf,"40.934,58",2026-09-15,2026-09-15
dolar,"955,37",2026-09-16,2026-09-16
uf,"40.942,74",2026-09-16,2026-09-16
dolar,"954,85",2026-09-17,2026-09-17
uf,"40.950,90",2026-09-17,2026-09-17
dolar,"958,42",2026-09-21,2026-09-21
uf,"40.983,58",2026-09-21,2026-09-21
dolar,"952,00",2026-09-22,2026-09-22
uf,"40.991,75",2026-09-22,2026-09-22
dolar,"945,87",2026-09-23,2026-09-23
uf,"40.999,93",2026-09-23,2026-09-23
dolar,"959,39",2026-09-24,2026-09-24
uf,"41.008,10",2026-09-24,2026-09-24
dolar,"965,71",2026-09-25,2026-09-25
uf,"41.016,28",2026-09-25,2026-09-25
dolar,"964,10",2026-09-28,2026-09-28
uf,"41.040,82",2026-09-28,2026-09-28
dolar,"969,70",2026-09-29,2026-09-29
uf,"41.049,01",2026-09-29,2026-09-29
dolar,"970,46",2026-09-30,2026-09-30
uf,"41.057,20",2026-09-30,2026-09-30
utm,71.721,2026-09-01,2026-09-30
dolar,"972,60",2026-10-01,2026-10-01
uf,"41.065,38",2026-10-01,2026-10-01
dolar,"983,84",2026-10-02,2026-10-02
uf,"41.073,57",2026-10-02,2026-10-02
dolar,"984,82",2026-10-05,2026-10-05
uf,"41.098,15",2026-10-05,2026-10-05
dolar,"977,25",2026-10-06,2026-10-06
uf,"41.106,35",2026-10-06,2026-10-06
utm,72.151,2026-10-01,2026-10-06
