id,agencia,version,nombre
DF_BGREIMPROMSP,CL01,1.0,Brecha de género de la remuneración imponible promedio de los cotizantes del sistema de pensiones
DF_BGYHDEP_CISE,CL01,1.0,Brecha de género en el ingreso por hora de la población asalariada nacional
DF_BGYHDEP_CISE_EDAD,CL01,1.0,"Brecha de género en el ingreso por hora de la población asalariada nacional, según tramo etario"
DF_BGYHDEP_CISE_EDU,CL01,1.0,"Brecha de género en el ingreso por hora de la población asalariada nacional, según nivel educacional"
DF_BGYMEDIOOCU,CL01,1.0,Brecha de género en el ingreso medio de la población ocupada nacional y regional
DF_BGYMEDIOOCU_CISE,CL01,1.0,"Brecha de género en el ingreso medio de la población ocupada nacional y regional, según categoría ocupacional"
DF_BGYMEDIOOCU_CIUO,CL01,1.0,"Brecha de género en el ingreso medio de la población ocupada nacional y regional, según grupo ocupacional (CIUO 08.CL)"
DF_BGYMEDIOOCU_EDAD,CL01,1.0,"Brecha de género en el ingreso medio de la población ocupada nacional y regional, según tramo etario"
DF_BGYMEDIOOCU_EDU,CL01,1.0,"Brecha de género en el ingreso medio de la población ocupada nacional y regional, según nivel educativo"
DF_BGYMEDIOOCU_RAMA,CL01,1.0,"Brecha de género en el ingreso medio de la población ocupada nacional y regional, según rama de actividad económica"
DF_BGYMEDIOOCU_TRAMOHORA,CL01,1.0,"Brecha de género en el ingreso medio de la población ocupada nacional y regional, según tramo de horas habitualmente trabajadas"
DF_DES_EDAD,CL01,1.0,"Población desocupada nacional y regional, según tramo etario"
DF_DES_NACION_SEXO,CL01,1.0,"Población extranjera desocupada a nivel nacional, según sexo"
DF_DES_SEXO,CL01,1.0,"Población desocupada nacional y regional, según sexo"
DF_FDT_EDAD,CL01,1.0,"Personas en la fuerza de trabajo nacional y regional, según tramo etario"
DF_FDT_NACION_SEXO,CL01,1.0,"Personas extranjeras en la fuerza de trabajo a nivel nacional, según sexo"
DF_FDT_SEXO,CL01,1.0,"Personas en la fuerza de trabajo nacional y regional, según sexo"
DF_FFT_EDAD,CL01,1.0,"Personas fuera de la fuerza de trabajo nacional y regional, según tramo etario"
DF_FFT_NACION_SEXO,CL01,1.0,"Personas extranjeras fuera de la fuerza de trabajo, según sexo"
DF_FFT_SEXO,CL01,1.0,"Personas fuera de la fuerza de trabajo nacional y regional, según sexo"
DF_HRS_TNR_SEXO,CL01,1.0,"Tiempo promedio destinado al trabajo doméstico y de cuidados no remunerados, nacional, según sexo"
DF_HRS_TNR_SEXO_CLAB,CL01,1.0,"Tiempo promedio destinado al trabajo doméstico y de cuidados no remunerados, nacional, según condición de actividad económica"
DF_HRS_TNR_SEXO_EDAD,CL01,1.0,"Tiempo promedio destinado al trabajo doméstico y de cuidados no remunerados, nacional, según tramo etario"
DF_HRS_TNR_SEXO_QUINTIL,CL01,1.0,"Tiempo promedio destinado al trabajo doméstico y de cuidados no remunerados, nacional, según quintil"
DF_HRS_TRAB_TOT_SEXO,CL01,1.0,"Tiempo promedio destinado a la carga global de trabajo, nacional, según sexo"
DF_ICL2023,CL01,1.0,Índice nominal de costos laborales (base 2023=100) nacional
DF_ICL2023_CIUO,CL01,1.0,"Índice nominal de costos laborales (base 2023=100) nacional, según grupo ocupacional (CIUO 08.CL)"
DF_ICL2023_NTRAB,CL01,1.0,"Índice nominal de costos laborales (base 2023=100) nacional, según tamaño de empresa por número de personas trabajadoras"
DF_ICL2023_RAMA,CL01,1.0,"Índice nominal de costos laborales (base 2023=100) nacional, según sección económica (CIIU4.CL 2012)"
DF_ICL2023_SEXO,CL01,1.0,"Índice nominal de costos laborales (base 2023=100) nacional, según sexo"
DF_ICLEMP2023,CL01,1.0,Índice nominal de costos laborales empalmado (base 2023=100) nacional
DF_IMPROMNSP_SEXO,CL01,1.0,"Ingreso imponible promedio nominal de los cotizantes del sistema de pensiones nacional, según sexo"
DF_IMPROMRSP_SEXO,CL01,1.0,"Ingreso imponible promedio real de los cotizantes del sistema de pensiones nacional, según sexo"
DF_IR2023,CL01,1.0,Índice nominal de remuneraciones (base 2023=100) nacional
DF_IR2023_CIUO,CL01,1.0,"Índice nominal de remuneraciones (base 2023=100) nacional, según grupo ocupacional (CIUO 08.CL)"
DF_IR2023_NTRAB,CL01,1.0,"Índice nominal de remuneraciones (base 2023=100) nacional, según tamaño de empresa por número de personas trabajadoras"
DF_IR2023_RAMA,CL01,1.0,"Índice nominal de remuneraciones (base 2023=100) nacional, según sección económica (CIIU4.CL 2012)"
DF_IR2023_SEXO,CL01,1.0,"Índice nominal de remuneraciones (base 2023=100) nacional, según sexo"
DF_IREMP2023,CL01,1.0,Índice nominal de remuneraciones empalmado (base 2023=100) nacional
DF_IRREAL2023,CL01,1.0,Índice real de remuneraciones (base 2023=100) nacional
DF_IRREALEMP2023,CL01,1.0,Índice real de remuneraciones empalmado (base 2023=100) nacional
DF_NCOTBH_SEXO,CL01,1.0,Número de trabajadores Independientes que emiten boleta honorarios y cotizan para pensión por sexo
DF_NCOTSC_SEXO_TDCON,CL01,1.0,Número de cotizantes del seguro de cesantía por sexo y tipo de contrato
DF_NCOTSP_SEXO,CL01,1.0,Número de cotizantes del Sistema de Pensiones por sexo
DF_NFTOCONTRIBSP_SEXO,CL01,1.0,"Proporción de la fuerza de trabajo ocupada que contribuye al sistema de pensiones: Número de cotizantes, según sexo (numerador)"
DF_NMESCOTCONTDESC_SEXO_TDCON,CL01,1.0,"Número promedio de meses cotizados de forma continua no necesariamente con el mismo empleador de los cotizantes del Seguro de Cesantía nacional, según sexo y tipo de contrato"
DF_NMESCOTCONTMESC_SEXO_TDCON,CL01,1.0,"Número promedio de meses cotizados de forma continua con el mismo empleador de los cotizantes del Seguro de Cesantía, según sexo y tipo de contrato"
DF_NMICI_EDAD,CL01,1.0,Número de personas microemprendedoras informales por edad
DF_NMICI_EDU,CL01,1.0,Número de personas microemprendedoras informales por nivel educativo
DF_NMICI_SEXO,CL01,1.0,"Número de personas microemprendedoras informales por sexo, nacional y regional"
DF_NMIC_CISE_EDAD,CL01,1.0,Número de personas microemprendedoras por categoría ocupacional y edad
DF_NMIC_CISE_EDU,CL01,1.0,Número de personas microemprendedoras por categoría ocupacional y nivel educativo
DF_NMIC_CISE_SEXO,CL01,1.0,"Número de personas microemprendedoras por categoría ocupacional y sexo, nacional y regional"
DF_NMIC_EDAD_SEXO,CL01,1.0,Número de personas microemprendedoras por edad y sexo
DF_NMIC_EDU_SEXO,CL01,1.0,Número de personas microemprendedoras por nivel educativo y sexo
DF_NMIC_RAMA_EDAD,CL01,1.0,Número de personas microemprendedoras por rama de actividad económica y edad
DF_NMIC_RAMA_EDU,CL01,1.0,Número de personas microemprendedoras por rama de actividad económica y nivel educativo
DF_NMIC_RAMA_SEXO,CL01,1.0,"Número de personas microemprendedoras por rama de actividad económica y sexo, nacional y regional"
DF_NMIC_SEXO,CL01,1.0,Número de personas microemprendedoras por sexo y región
DF_NOCU_SEXO,CL01,1.0,"Proporción de la fuerza de trabajo ocupada que contribuye al sistema de pensiones: Número de ocupados, según sexo (denominador)"
DF_NP65MAS_SEXO,CL01,1.0,"Porcentaje de población beneficiaria de Pensión Garantizada Universal (PGU): Número de personas de 65 años y más nacional, según sexo (denominador)"
DF_NPEDADJUB_SEXO,CL01,1.0,"Porcentaje de población en edad de jubilación con pensión autofinanciada: Número de personas en edad de jubilación nacional, según sexo (denominador)"
DF_NPENSIONAUTO_SEXO,CL01,1.0,"Porcentaje de población en edad de jubilación con pensión autofinanciada: Número de personas con pensión nacional, según sexo (numerador)"
DF_NPGUM_CONTRIB_SEXO,CL01,1.0,"Número de beneficiarios de Pensión Garantizada Universal (PGU), según tipo de contribución y sexo"
DF_NPGU_SEXO,CL01,1.0,"Porcentaje de población beneficiaria de Pensión Garantizada Universal (PGU): Número de beneficiarios de Pensión Garantizada Universal (PGU) nacional, según sexo (numerador)"
DF_NSOLICSC_RAMA,CL01,1.0,"Número de solicitudes aprobadas del seguro de cesantía nacional, según rama de actividad económica"
DF_NSOLICSC_SEXO,CL01,1.0,"Número de solicitudes aprobadas del seguro de cesantía nacional, según sexo"
DF_NSOLICSC_TDCON,CL01,1.0,"Número de solicitudes aprobadas del seguro de cesantía nacional, según tipo de contrato"
DF_OCUCISE_CISE_EDAD,CL01,1.0,"Población ocupada según categoría ocupacional nacional y regional, según tramo etario"
DF_OCUCISE_CISE_SEXO,CL01,1.0,"Población ocupada según categoría ocupacional nacional y regional, según sexo"
DF_OCUCIUO_CIUO88_EDAD,CL01,1.0,"Población ocupada según grupo ocupacional nacional y regional, según tramo etario (CIUO-88)"
DF_OCUCIUO_CIUO88_SEXO,CL01,1.0,"Población ocupada según grupo ocupacional nacional y regional, según sexo (CIUO-88)"
DF_OCUCIUO_CIUO_EDAD,CL01,1.0,"Población ocupada según grupo ocupacional nacional y regional, según tramo etario (CIUO rev.08.cl)"
DF_OCUCIUO_CIUO_SEXO,CL01,1.0,"Población ocupada según grupo ocupacional nacional y regional, según sexo (CIUO rev.08.cl)"
DF_OCUINF_CISE_SEXO,CL01,1.0,"Población ocupada informal nacional, según categoría ocupacional y sexo"
DF_OCUINF_CIUO_SEXO,CL01,1.0,"Población ocupada informal nacional, según grupo ocupacional (CIUO-08.CL) y sexo"
DF_OCUINF_CONUR,CL01,1.0,"Población ocupada informal nacional, según grandes conurbaciones"
DF_OCUINF_EDAD_SEXO,CL01,1.0,"Población ocupada informal, según tramo etario y sexo"
DF_OCUINF_LUGAR_SEXO,CL01,1.0,"Población ocupada informal nacional, según lugar de trabajo y sexo"
DF_OCUINF_NACION_SEXO,CL01,1.0,"Población extranjera ocupada informal nacional, según sexo"
DF_OCUINF_NTRAB,CL01,1.0,"Población ocupada informal nacional, según tamaño de empresa"
DF_OCUINF_PROVINCIAS,CL01,1.0,"Población ocupada informal nacional, según provincias"
DF_OCUINF_RAMA_SEXO,CL01,1.0,"Población ocupada informal nacional, según rama de actividad económica de la empresa que le paga y sexo"
DF_OCUINF_SEXO,CL01,1.0,"Población ocupada informal nacional y regional, según sexo"
DF_OCUINF_ZONA,CL01,1.0,"Población ocupada informal nacional, según zona urbana/rural"
DF_OCURAMA_RAMA_EDAD,CL01,1.0,"Población ocupada según rama de actividad económica nacional, según tramo etario"
DF_OCURAMA_RAMA_SEXO,CL01,1.0,"Población ocupada según rama de actividad económica nacional y regional, según sexo"
DF_OCUTPARCIAL_TP_SEXO,CL01,1.0,"Población ocupada a tiempo parcial nacional, según voluntariedad y sexo"
DF_OCU_EDAD,CL01,1.0,"Población ocupada nacional y regional, según tramo etario"
DF_OCU_NACION_SEXO,CL01,1.0,"Población extranjera ocupada a nivel nacional, según sexo"
DF_OCU_SEXO,CL01,1.0,"Población ocupada nacional y regional, según sexo"
DF_OCU_TRAMOHORA_SEXO,CL01,1.0,"Población ocupada nacional, según tramo de horas habituales y sexo"
DF_PAASA_SEXO,CL01,1.0,Población asalariada afiliada a sindicatos activos por sexo y región
DF_PARTFEM,CL01,1.0,Participación femenina en el empleo en la gerencia media y superior (ODS 5.5.2) nacional
DF_PASA_SEXO,CL01,1.0,Población afiliada a sindicatos activos por sexo y región
DF_PFTOCONTRIBSP_SEXO,CL01,1.0,"Proporción de la fuerza de trabajo ocupada que contribuye al sistema de pensiones, según sexo"
DF_PPENSIONAUTO_SEXO,CL01,1.0,"Porcentaje de población en edad de jubilación con pensión autofinanciada nacional, según sexo"
DF_PPGU_SEXO,CL01,1.0,"Porcentaje de población beneficiaria de Pensión Garantizada Universal (PGU) nacional, según sexo"
DF_PPOD_EDAD,CL01,1.0,Proporción de personas ocupadas con discapacidad por tramo etario
DF_PPOD_SEXO,CL01,1.0,Proporción de personas ocupadas con discapacidad por sexo
DF_PPOD_ZONA,CL01,1.0,Proporción de personas ocupadas con discapacidad por zona urbano o rural
DF_PROMEFECTIVAS_SEXO,CL01,1.0,"Promedio de horas efectivas trabajadas a la semana nacional, según sexo"
DF_REIMPROMNSC_SEXO_TDCON,CL01,1.0,"Remuneración imponible promedio nominal de los cotizantes del seguro de cesantía nacional, según sexo y tipo de contrato"
DF_REIMPROMRSC_SEXO_TDCON,CL01,1.0,"Remuneración imponible promedio real de los cotizantes del seguro de cesantía nacional, según sexo y tipo de contrato"
DF_ROHO2023_SEXO,CL01,1.0,"Remuneración ordinaria por hora ordinaria promedio (base 2023=100) nacional, según sexo"
DF_SU1_EDAD,CL01,1.0,"SU1: Tasa de desocupación con iniciadores disponibles nacional, según tramo etario"
DF_SU1_SEXO,CL01,1.0,"SU1: Tasa de desocupación con iniciadores disponibles nacional y regional, según sexo"
DF_SU2_EDAD,CL01,1.0,"SU2: Tasa combinada de desocupación y tiempo parcial involuntario nacional, según tramo etario"
DF_SU2_SEXO,CL01,1.0,"SU2: Tasa combinada de desocupación y tiempo parcial involuntario nacional y regional, según sexo"
DF_TAT_SEXO,CL01,1.0,"Tasa de accidentes del trabajo nacional y regional, según sexo"
DF_TDD_SEXO,CL01,1.0,"Tasa de desocupación nacional con ajuste estacional, según sexo"
DF_TDES_CONUR,CL01,1.0,"Tasa de desocupación, según conurbaciones"
DF_TDES_EDAD,CL01,1.0,"Tasa de desocupación nacional, según tramo etario"
DF_TDES_NACION_SEXO,CL01,1.0,"Tasa de desocupación extranjeros a nivel nacional, según sexo"
DF_TDES_PROVINCIAS,CL01,1.0,"Tasa de desocupación, según provincias"
DF_TDES_SEXO,CL01,1.0,"Tasa de desocupación nacional y regional, según sexo"
DF_TDES_ZONA,CL01,1.0,"Tasa de desocupación nacional, según zona urbana/rural"
DF_TEA_EDAD,CL01,1.0,"Tasa de empleo asalariado nacional y regional, según tramo etario"
DF_TEA_EDU,CL01,1.0,"Tasa de empleo asalariado nacional y regional, según nivel educativo"
DF_TEA_SEXO,CL01,1.0,"Tasa de empleo asalariado nacional y regional, según sexo"
DF_TEL,CL01,1.0,Tasa de Entrada Laboral nacional
DF_TESTYMEDIOOCU_SEXO_CISE,CL01,1.0,"Ingreso medio nominal de la población ocupada nacional y regional, según sexo y categoría ocupacional"
DF_TIC_SEXO,CL01,1.0,Número de trabajadores involucrados en instrumentos colectivos y acuerdos de grupo negociador vigentes por sexo y región
DF_TLOF_SEXO,CL01,1.0,"Tasa de frecuencia de accidentes del trabajo fatales nacional y regional, según sexo"
DF_TMICI_EDAD,CL01,1.0,Tasa de personas microemprendedoras informales por edad
DF_TMICI_EDU,CL01,1.0,Tasa de personas microemprendedoras informales por nivel educativo
DF_TMICI_SEXO,CL01,1.0,"Tasa de personas microemprendedoras informales por sexo, nacional y regional"
DF_TNONO_SEXO,CL01,1.0,"Tasa de jóvenes que no estudian y no están ocupadas nacional, según sexo, año"
DF_TOBE_EDAD,CL01,1.0,"Tasa de ocupados que buscan empleo nacional y regional, según tramo etario"
DF_TOBE_SEXO,CL01,1.0,"Tasa de ocupados que buscan empleo nacional y regional, según sexo"
DF_TOCU_EDAD,CL01,1.0,"Tasa de ocupación nacional y regional, según tramo etario"
DF_TOCU_NACION_SEXO,CL01,1.0,"Tasa de ocupación extranjeros a nivel nacional, según sexo"
DF_TOCU_SEXO,CL01,1.0,"Tasa de ocupación nacional y regional, según sexo"
DF_TOIXAGR_CISE_SEXO,CL01,1.0,"Tasa de ocupación informal excluyendo al sector agropecuario nacional, según categoría ocupacional y sexo"
DF_TOIXAGR_CONUR,CL01,1.0,"Tasa de ocupación informal excluyendo al sector agropecuario nacional, según grandes conurbaciones"
DF_TOIXAGR_PROVINCIAS,CL01,1.0,"Tasa de ocupación informal excluyendo al sector agropecuario nacional, según provincias"
DF_TOIXAGR_RAMA_SEXO,CL01,1.0,"Tasa de ocupación informal excluyendo al sector agropecuario nacional, según rama de actividad económica de la empresa que le paga y sexo"
DF_TOIXAGR_SEXO,CL01,1.0,"Tasa de ocupación informal excluyendo al sector agropecuario nacional, según sexo"
DF_TOIXAGR_ZONA,CL01,1.0,"Tasa de ocupación informal excluyendo al sector agropecuario nacional, según zona urbana/rural"
DF_TOI_CISE_SEXO,CL01,1.0,"Tasa de ocupación informal nacional, según categoría ocupacional y sexo"
DF_TOI_CIUO_SEXO,CL01,1.0,"Tasa de ocupación informal nacional, según grupo ocupacional (CIUO-08.CL) y sexo"
DF_TOI_CONUR,CL01,1.0,"Tasa de ocupación informal nacional, según grandes conurbaciones"
DF_TOI_EDAD_SEXO,CL01,1.0,"Tasa de ocupación informal nacional, según tramo etario y sexo"
DF_TOI_LUGAR_SEXO,CL01,1.0,"Tasa de ocupación informal nacional, según lugar de trabajo y sexo"
DF_TOI_NACION_SEXO,CL01,1.0,"Tasa de ocupación informal extranjeros a nivel nacional, según sexo"
DF_TOI_NTRAB,CL01,1.0,"Tasa de ocupación informal nacional, según tamaño de empresa"
DF_TOI_PROVINCIAS,CL01,1.0,"Tasa de ocupación informal nacional, según provincias"
DF_TOI_RAMA_SEXO,CL01,1.0,"Tasa de ocupación informal nacional, según rama de actividad económica de la empresa que le paga y sexo"
DF_TOI_SEXO,CL01,1.0,"Tasa de ocupación informal nacional y regional, según sexo"
DF_TOI_ZONA,CL01,1.0,"Tasa de ocupación informal nacional, según zona urbana/rural"
DF_TOSI_CISE_SEXO,CL01,1.0,"Tasa de ocupación en el sector informal nacional, según categoría ocupacional"
DF_TOSI_SEXO,CL01,1.0,"Tasa de ocupación en el sector informal nacional y regional, según sexo"
DF_TPI_EDAD,CL01,1.0,"Tasa de tiempo parcial involuntario nacional, según tramo etario"
DF_TPI_SEXO,CL01,1.0,"Tasa de tiempo parcial involuntario nacional y regional, según sexo"
DF_TP_EDAD,CL01,1.0,"Tasa de participación nacional y regional, según tramo etario"
DF_TP_NACION_SEXO,CL01,1.0,"Tasa de participación extranjeros a nivel nacional, según sexo"
DF_TP_SEXO,CL01,1.0,"Tasa de participación nacional y regional, según sexo"
DF_TRL,CL01,1.0,Tasa de Rotación Laboral nacional
DF_TRLN,CL01,1.0,Tasa de Rotación Laboral Neta
DF_TSL,CL01,1.0,Tasa de Salida Laboral nacional
DF_TTIP_SEXO,CL01,1.0,Tasa de trabajo infantil peligroso por sexo
DF_TTI_SEXO,CL01,1.0,Tasa de trabajo infantil por sexo
DF_YHNDEP_SEXO_CISE,CL01,1.0,"Ingreso nominal por hora de la personas asalariadas nacional, según sexo"
DF_YHNDEP_SEXO_CIUO_CISE,CL01,1.0,"Ingreso nominal por hora de la personas asalariadas nacional, según sexo y grupo ocupacional (CIUO 08.CL)"
DF_YHNDEP_SEXO_EDU_CISE,CL01,1.0,"Ingreso nominal por hora de la personas asalariadas nacional, según sexo y nivel educativo"
DF_YHRDEP_SEXO_CISE,CL01,1.0,"Ingreso real por hora de las personas asalariadas nacional, según sexo"
DF_YHRDEP_SEXO_CIUO_CISE,CL01,1.0,"Ingreso real por hora de las personas asalariadas nacional, según sexo y grupo ocupacional (CIUO 08.CL)"
DF_YHRDEP_SEXO_EDU_CISE,CL01,1.0,"Ingreso real por hora de las personas asalariadas nacional, según sexo y nivel educativo"
DF_YMEDIANOOCU_SEXO,CL01,1.0,"Ingreso mediano nominal de la población ocupada nacional y regional, según sexo"
DF_YMEDIANOOCU_SEXO_CISE,CL01,1.0,"Ingreso mediano nominal de la población ocupada nacional y regional, según sexo y categoría ocupacional"
DF_YMEDIANOOCU_SEXO_CIUO,CL01,1.0,"Ingreso mediano nominal de la población ocupada nacional y regional, según sexo y grupo ocupacional (CIUO 08.CL)"
DF_YMEDIANOOCU_SEXO_EDAD,CL01,1.0,"Ingreso mediano nominal de la población ocupada nacional y regional, según sexo y tramo etario"
DF_YMEDIANOOCU_SEXO_EDU,CL01,1.0,"Ingreso mediano nominal de la población ocupada nacional y regional, según sexo y nivel educativo"
DF_YMEDIANOOCU_SEXO_RAMA,CL01,1.0,"Ingreso mediano nominal de la población ocupada nacional y regional, según sexo y rama de actividad económica"
DF_YMEDIANOOCU_SEXO_TRAMOHORA,CL01,1.0,"Ingreso mediano nominal de la población ocupada nacional y regional, según sexo y tramo de horas habitualmente trabajadas"
DF_YMEDIOOCU_SEXO,CL01,1.0,"Ingreso medio nominal de la población ocupada nacional y regional, según sexo"
DF_YMEDIOOCU_SEXO_CISE,CL01,1.0,"Ingreso medio nominal de la población ocupada nacional y regional, según sexo y categoría ocupacional"
DF_YMEDIOOCU_SEXO_CIUO,CL01,1.0,"Ingreso medio nominal de la población ocupada nacional y regional, según sexo y grupo ocupacional (CIUO 08.CL)"
DF_YMEDIOOCU_SEXO_EDAD,CL01,1.0,"Ingreso medio nominal de la población ocupada nacional y regional, según sexo y tramo etario"
DF_YMEDIOOCU_SEXO_EDU,CL01,1.0,"Ingreso medio nominal de la población ocupada nacional y regional, según sexo y nivel educacional"
DF_YMEDIOOCU_SEXO_RAMA,CL01,1.0,"Ingreso medio nominal de la población ocupada nacional y regional, según sexo y rama de actividad económica"
DF_YMEDIOOCU_SEXO_TRAMOHORA,CL01,1.0,"Ingreso medio nominal de la población ocupada nacional y regional, según sexo y tramo de horas habitualmente trabajadas"
DF_YRMEDIANOOCU_SEXO,CL01,1.0,"Ingreso mediano real de la población ocupada nacional y regional, según sexo"
DF_YRMEDIANOOCU_SEXO_CISE,CL01,1.0,"Ingreso mediano real de la población ocupada nacional y regional, según sexo y categoría ocupacional"
DF_YRMEDIANOOCU_SEXO_CIUO,CL01,1.0,"Ingreso mediano real de la población ocupada nacional y regional, según sexo y grupo ocupacional (CIUO 08.CL)"
DF_YRMEDIANOOCU_SEXO_EDAD,CL01,1.0,"Ingreso mediano real de la población ocupada nacional y regional, según sexo y tramo etario"
DF_YRMEDIANOOCU_SEXO_EDU,CL01,1.0,"Ingreso mediano real de la población ocupada nacional y regional, según sexo y nivel educativo"
DF_YRMEDIANOOCU_SEXO_RAMA,CL01,1.0,"Ingreso mediano real de la población ocupada nacional y regional, según sexo y rama de actividad económica"
DF_YRMEDIANOOCU_SEXO_TRAMOHORA,CL01,1.0,"Ingreso mediano real de la población ocupada nacional y regional, según sexo y tramo de horas habitualmente trabajadas"
DF_YRMEDIODEPCD_EDAD_CISE,CL01,1.0,"Ingreso medio real de las personas asalariadas con contrato definido nacional, según tramo etario"
DF_YRMEDIODEPCD_SEXO_CISE,CL01,1.0,"Ingreso medio real de las personas asalariadas con contrato definido nacional, según sexo"
DF_YRMEDIODEPCD_SEXO_EDU_CISE,CL01,1.0,"Ingreso medio real de las personas asalariadas con contrato definido nacional, según sexo y nivel educacional"
DF_YRMEDIODEPCD_SEXO_TDCON_CISE,CL01,1.0,"Ingreso medio real de las personas asalariadas con contrato definido nacional, según sexo y tipo de contrato definido"
DF_YRMEDIOOCU_SEXO,CL01,1.0,"Ingreso medio real de la población ocupada nacional y regional, según sexo"
DF_YRMEDIOOCU_SEXO_CISE,CL01,1.0,"Ingreso medio real de la población ocupada nacional y regional, según sexo y categoría ocupacional"
DF_YRMEDIOOCU_SEXO_CIUO,CL01,1.0,"Ingreso medio real de la población ocupada nacional y regional, según sexo y grupo ocupacional (CIUO 08.CL)"
DF_YRMEDIOOCU_SEXO_EDAD,CL01,1.0,"Ingreso medio real de la población ocupada nacional y regional, según sexo y tramo etario"
DF_YRMEDIOOCU_SEXO_EDU,CL01,1.0,"Ingreso medio real de la población ocupada nacional y regional, según sexo y nivel educacional"
DF_YRMEDIOOCU_SEXO_RAMA,CL01,1.0,"Ingreso medio real de la población ocupada nacional y regional, según sexo y rama de actividad económica"
DF_YRMEDIOOCU_SEXO_TRAMOHORA,CL01,1.0,"Ingreso medio real de la población ocupada nacional y regional, según sexo y tramo de horas habitualmente trabajadas"
DF_YRMEDIOTPOCU_SEXO,CL01,1.0,"Ingreso medio real de las personas ocupadas en tiempo parcial nacional y regional, según sexo"
DF_YRMEDIOTPOCU_SEXO_EDAD,CL01,1.0,"Ingreso medio real de las personas ocupadas en tiempo parcial nacional, según sexo y tramo etario"
DF_YRMEDIOTPOCU_SEXO_EDU,CL01,1.0,"Ingreso medio real de las personas ocupadas en tiempo parcial nacional, según sexo y nivel educacional"
DF_YRMEDIOTPOCU_SEXO_TP,CL01,1.0,"Ingreso medio real de las personas ocupadas en tiempo parcial nacional, según sexo y tipo de tiempo parcial"
